{
    "HIGH": {
        "precision": 0.7647058823529411,
        "recall": 0.8666666666666667,
        "f1-score": 0.8125,
        "support": 30.0
    },
    "LOW": {
        "precision": 0.6896551724137931,
        "recall": 0.6666666666666666,
        "f1-score": 0.6779661016949152,
        "support": 30.0
    },
    "MEDIUM": {
        "precision": 0.7777777777777778,
        "recall": 0.7,
        "f1-score": 0.7368421052631579,
        "support": 30.0
    },
    "accuracy": 0.7444444444444445,
    "macro avg": {
        "precision": 0.7440462775148373,
        "recall": 0.7444444444444445,
        "f1-score": 0.7424360689860244,
        "support": 90.0
    },
    "weighted avg": {
        "precision": 0.7440462775148373,
        "recall": 0.7444444444444445,
        "f1-score": 0.7424360689860244,
        "support": 90.0
    }
}