{
    "HIGH": {
        "precision": 0.0,
        "recall": 0.0,
        "f1-score": 0.0,
        "support": 89.0
    },
    "LOW": {
        "precision": 0.5533980582524272,
        "recall": 0.6333333333333333,
        "f1-score": 0.5906735751295337,
        "support": 90.0
    },
    "MEDIUM": {
        "precision": 0.39759036144578314,
        "recall": 0.7333333333333333,
        "f1-score": 0.515625,
        "support": 90.0
    },
    "accuracy": 0.45724907063197023,
    "macro avg": {
        "precision": 0.31699613989940345,
        "recall": 0.45555555555555555,
        "f1-score": 0.36876619170984454,
        "support": 269.0
    },
    "weighted avg": {
        "precision": 0.31817456421129714,
        "recall": 0.45724907063197023,
        "f1-score": 0.37013706974594063,
        "support": 269.0
    }
}