{
    "best_params": {
        "colsample_bytree": 0.7473434153613787,
        "gamma": 2,
        "learning_rate": 0.08268203486253856,
        "max_depth": 10,
        "min_child_weight": 1,
        "n_estimators": 471,
        "reg_alpha": 1,
        "reg_lambda": 7,
        "subsample": 0.5495989464276623
    },
    "accuracy": 0.7444444444444445,
    "classification_report": {
        "HIGH": {
            "precision": 0.7647058823529411,
            "recall": 0.8666666666666667,
            "f1-score": 0.8125,
            "support": 30.0
        },
        "LOW": {
            "precision": 0.6896551724137931,
            "recall": 0.6666666666666666,
            "f1-score": 0.6779661016949152,
            "support": 30.0
        },
        "MEDIUM": {
            "precision": 0.7777777777777778,
            "recall": 0.7,
            "f1-score": 0.7368421052631579,
            "support": 30.0
        },
        "accuracy": 0.7444444444444445,
        "macro avg": {
            "precision": 0.7440462775148373,
            "recall": 0.7444444444444445,
            "f1-score": 0.7424360689860244,
            "support": 90.0
        },
        "weighted avg": {
            "precision": 0.7440462775148373,
            "recall": 0.7444444444444445,
            "f1-score": 0.7424360689860244,
            "support": 90.0
        }
    },
    "label_mapping": {
        "0": "HIGH",
        "1": "LOW",
        "2": "MEDIUM"
    },
    "model_name": "xgboost_best_model_arousal.pkl",
    "value_counts": {
        "1": 30,
        "0": 30,
        "2": 30
    },
    "feature_importances": {
        "mean_x": 0.022092649713158607,
        "mean_y": 0.030166951939463615,
        "mean_z": 0.023569822311401367,
        "std_x": 0.0,
        "std_y": 0.0,
        "std_z": 0.0,
        "variance_x": 0.0,
        "variance_y": 0.0,
        "variance_z": 0.0,
        "rms_x": 0.0,
        "rms_y": 0.0,
        "rms_z": 0.024226680397987366,
        "max_x": 0.0,
        "max_y": 0.02834090031683445,
        "max_z": 0.0237442497164011,
        "min_x": 0.02973237633705139,
        "min_y": 0.026378851383924484,
        "min_z": 0.0,
        "peak_to_peak_x": 0.021450700238347054,
        "peak_to_peak_y": 0.024314947426319122,
        "peak_to_peak_z": 0.031512558460235596,
        "skewness_x": 0.023531680926680565,
        "skewness_y": 0.0,
        "skewness_z": 0.021774135529994965,
        "kurtosis_x": 0.0,
        "kurtosis_y": 0.0,
        "kurtosis_z": 0.025476476177573204,
        "zero_crossing_rate_x": 0.023956455290317535,
        "zero_crossing_rate_y": 0.0,
        "zero_crossing_rate_z": 0.026393219828605652,
        "sma": 0.0,
        "mean_magnitude": 0.0,
        "std_magnitude": 0.022261004894971848,
        "variance_magnitude": 0.03839552402496338,
        "rms_magnitude": 0.0,
        "max_magnitude": 0.025811178609728813,
        "min_magnitude": 0.021272098645567894,
        "peak_to_peak_magnitude": 0.0,
        "skewness_magnitude": 0.0,
        "kurtosis_magnitude": 0.0,
        "zero_crossing_rate_magnitude": 0.0,
        "euclidean_norm": 0.0,
        "mean_pitch": 0.0,
        "mean_roll": 0.029607508331537247,
        "correlation_xy": 0.0,
        "correlation_xz": 0.0,
        "correlation_yz": 0.0,
        "dominant_frequency_x": 0.0,
        "spectral_entropy_x": 0.0,
        "psd_mean_x": 0.0,
        "energy_x": 0.020607559010386467,
        "bandwidth_x": 0.022118618711829185,
        "spectral_centroid_x": 0.0,
        "dominant_frequency_y": 0.0,
        "spectral_entropy_y": 0.0,
        "psd_mean_y": 0.0,
        "energy_y": 0.0,
        "bandwidth_y": 0.03758210688829422,
        "spectral_centroid_y": 0.02731112204492092,
        "dominant_frequency_z": 0.0,
        "spectral_entropy_z": 0.0501369833946228,
        "psd_mean_z": 0.0,
        "energy_z": 0.028317000716924667,
        "bandwidth_z": 0.0,
        "spectral_centroid_z": 0.0,
        "dominant_frequency_magnitude": 0.0,
        "spectral_entropy_magnitude": 0.026698993518948555,
        "psd_mean_magnitude": 0.02695968933403492,
        "energy_magnitude": 0.024379370734095573,
        "bandwidth_magnitude": 0.0,
        "spectral_centroid_magnitude": 0.02683483064174652,
        "25th_percentile_x": 0.027003511786460876,
        "25th_percentile_y": 0.0,
        "25th_percentile_z": 0.0,
        "75th_percentile_x": 0.02520626224577427,
        "75th_percentile_y": 0.0,
        "75th_percentile_z": 0.02775024063885212,
        "25th_percentile_magnitude": 0.033572547137737274,
        "75th_percentile_magnitude": 0.027765730395913124,
        "wavelet_energy_approx_x": 0.0,
        "wavelet_energy_approx_y": 0.0,
        "wavelet_energy_approx_z": 0.02374536171555519,
        "wavelet_energy_approx_magnitude": 0.0
    }
}