{
    "best_params": {
        "colsample_bytree": 0.7099356347098081,
        "gamma": 5,
        "learning_rate": 0.047890884441591126,
        "max_depth": 8,
        "min_child_weight": 5,
        "n_estimators": 680,
        "reg_alpha": 8,
        "reg_lambda": 4,
        "subsample": 0.8587394330318343
    },
    "accuracy": 0.45724907063197023,
    "classification_report": {
        "HIGH": {
            "precision": 0.0,
            "recall": 0.0,
            "f1-score": 0.0,
            "support": 89.0
        },
        "LOW": {
            "precision": 0.5533980582524272,
            "recall": 0.6333333333333333,
            "f1-score": 0.5906735751295337,
            "support": 90.0
        },
        "MEDIUM": {
            "precision": 0.39759036144578314,
            "recall": 0.7333333333333333,
            "f1-score": 0.515625,
            "support": 90.0
        },
        "accuracy": 0.45724907063197023,
        "macro avg": {
            "precision": 0.31699613989940345,
            "recall": 0.45555555555555555,
            "f1-score": 0.36876619170984454,
            "support": 269.0
        },
        "weighted avg": {
            "precision": 0.31817456421129714,
            "recall": 0.45724907063197023,
            "f1-score": 0.37013706974594063,
            "support": 269.0
        }
    },
    "label_mapping": {
        "0": "HIGH",
        "1": "LOW",
        "2": "MEDIUM"
    },
    "model_name": "xgboost_best_model_arousal.pkl",
    "value_counts": {
        "1": 90,
        "2": 90,
        "0": 89
    },
    "feature_importances": {
        "mean_x": 0.0,
        "mean_y": 0.0,
        "mean_z": 0.0,
        "std_x": 0.0,
        "std_y": 0.0,
        "std_z": 0.0,
        "variance_x": 0.0,
        "variance_y": 0.0,
        "variance_z": 0.0,
        "rms_x": 0.25937551259994507,
        "rms_y": 0.0,
        "rms_z": 0.0,
        "max_x": 0.0,
        "max_y": 0.0,
        "max_z": 0.0,
        "min_x": 0.0,
        "min_y": 0.0,
        "min_z": 0.0,
        "peak_to_peak_x": 0.0,
        "peak_to_peak_y": 0.0,
        "peak_to_peak_z": 0.24745520949363708,
        "skewness_x": 0.0,
        "skewness_y": 0.0,
        "skewness_z": 0.0,
        "kurtosis_x": 0.0,
        "kurtosis_y": 0.0,
        "kurtosis_z": 0.0,
        "zero_crossing_rate_x": 0.0,
        "zero_crossing_rate_y": 0.0,
        "zero_crossing_rate_z": 0.0,
        "sma": 0.0,
        "mean_magnitude": 0.0,
        "std_magnitude": 0.0,
        "variance_magnitude": 0.0,
        "rms_magnitude": 0.0,
        "max_magnitude": 0.2548244595527649,
        "min_magnitude": 0.0,
        "peak_to_peak_magnitude": 0.0,
        "skewness_magnitude": 0.0,
        "kurtosis_magnitude": 0.0,
        "zero_crossing_rate_magnitude": 0.0,
        "euclidean_norm": 0.0,
        "mean_pitch": 0.0,
        "mean_roll": 0.0,
        "correlation_xy": 0.0,
        "correlation_xz": 0.0,
        "correlation_yz": 0.0,
        "dominant_frequency_x": 0.0,
        "spectral_entropy_x": 0.0,
        "psd_mean_x": 0.0,
        "energy_x": 0.0,
        "bandwidth_x": 0.0,
        "spectral_centroid_x": 0.0,
        "dominant_frequency_y": 0.0,
        "spectral_entropy_y": 0.0,
        "psd_mean_y": 0.0,
        "energy_y": 0.0,
        "bandwidth_y": 0.0,
        "spectral_centroid_y": 0.0,
        "dominant_frequency_z": 0.0,
        "spectral_entropy_z": 0.0,
        "psd_mean_z": 0.0,
        "energy_z": 0.0,
        "bandwidth_z": 0.0,
        "spectral_centroid_z": 0.0,
        "dominant_frequency_magnitude": 0.0,
        "spectral_entropy_magnitude": 0.0,
        "psd_mean_magnitude": 0.0,
        "energy_magnitude": 0.0,
        "bandwidth_magnitude": 0.0,
        "spectral_centroid_magnitude": 0.0,
        "25th_percentile_x": 0.0,
        "25th_percentile_y": 0.0,
        "25th_percentile_z": 0.0,
        "75th_percentile_x": 0.0,
        "75th_percentile_y": 0.0,
        "75th_percentile_z": 0.0,
        "25th_percentile_magnitude": 0.0,
        "75th_percentile_magnitude": 0.0,
        "wavelet_energy_approx_x": 0.23834478855133057,
        "wavelet_energy_approx_y": 0.0,
        "wavelet_energy_approx_z": 0.0,
        "wavelet_energy_approx_magnitude": 0.0
    }
}